moisture_content,pesticide_residue,aflatoxin_b1,microbial_load,heavy_metals,storage_duration,temperature,packaging_integrity,compliant
11.49,0.053,3.65,13893,0.008,18,32.9,Good,0
12.3,0.071,0.95,11292,0.018,49,22.7,Good,0
6.96,0.014,1.83,17513,0.03,71,25.3,Good,1
5.73,0.037,0.75,10194,0.058,42,23.5,Good,1
12.47,0.015,2.94,5233,0.04,20,28.7,Good,1
10.51,0.002,1.57,3171,0.088,35,21.4,Good,1
10.97,0.003,17.34,11919,0.074,21,30.2,Fair,1
12.79,0.018,0.49,17650,0.02,10,29.9,Good,1
12.44,0.087,2.56,25849,0.006,65,26.8,Fair,0
14.61,0.03,2.23,15696,0.019,48,23.5,Poor,0
14.43,0.01,0.32,10853,0.017,18,29.6,Fair,1
10.99,0.089,3.1,9383,0.013,41,23.4,Fair,0
10.02,0.022,1.0,13123,0.006,33,24.2,Good,1
11.21,0.018,14.27,500,0.017,8,24.9,Fair,1
9.42,0.006,2.69,17412,0.212,25,30.7,Good,1
12.26,0.018,4.0,19694,0.005,76,36.0,Good,1
10.3,0.045,0.07,10972,0.036,24,19.7,Fair,1
11.42,0.11,0.59,8733,0.129,79,23.4,Good,0
10.68,0.03,1.11,25457,0.005,81,26.3,Good,1
12.35,0.052,9.1,17003,0.051,12,26.7,Good,0
10.88,0.0,0.7,9285,0.04,63,19.0,Fair,1
11.97,0.016,5.49,22707,0.054,53,27.1,Good,1
7.33,0.144,2.0,8473,0.111,58,25.1,Good,0
14.36,0.009,5.13,6432,0.141,86,27.4,Poor,0
11.42,0.133,7.67,14417,0.017,37,22.8,Good,0
12.57,0.11,4.76,7929,0.048,89,25.8,Good,0
11.07,0.048,4.85,19486,0.022,29,27.6,Fair,1
11.54,0.029,2.78,19567,0.061,72,30.7,Fair,1
7.68,0.035,0.15,13105,0.031,51,28.4,Good,1
5.16,0.069,1.79,15514,0.073,23,19.6,Fair,1
10.14,0.031,4.06,9787,0.065,87,14.9,Fair,1
10.56,0.023,0.33,19039,0.026,19,29.3,Good,1
15.3,0.043,1.31,18239,0.155,67,35.6,Good,0
13.1,0.018,5.67,18550,0.032,13,28.9,Good,0
9.24,0.02,3.83,5017,0.05,8,32.2,Good,1
5.69,0.043,0.71,16592,0.001,54,22.0,Poor,1
14.76,0.025,3.16,5097,0.142,37,26.4,Good,0
8.13,0.075,0.09,10285,0.006,64,29.2,Fair,0
12.44,0.013,0.78,20037,0.069,73,24.9,Good,1
10.35,0.017,10.68,13258,0.069,69,30.5,Good,0
13.92,0.015,9.04,15168,0.025,5,26.6,Poor,0
9.61,0.04,2.38,6951,0.056,68,18.9,Fair,1
9.96,0.002,3.19,7821,0.029,80,20.9,Good,1
9.04,0.039,0.43,16959,0.004,74,22.5,Fair,1
5.66,0.067,11.77,3740,0.213,69,21.4,Fair,0
9.36,0.022,9.47,14847,0.001,44,20.0,Good,1
10.97,0.055,3.5,8382,0.164,36,28.5,Good,0
8.8,0.0,14.01,16792,0.004,52,25.1,Poor,0
14.35,0.024,3.95,22674,0.044,81,35.9,Good,1
7.58,0.025,1.74,8926,0.183,88,25.8,Fair,1
12.85,0.046,0.71,10384,0.121,74,18.4,Poor,0
15.49,0.002,0.11,24435,0.218,17,22.7,Good,0
9.66,0.021,1.28,24902,0.003,78,25.0,Fair,1
10.14,0.076,1.14,6459,0.154,56,24.3,Good,0
5.4,0.005,4.45,25221,0.037,70,30.9,Good,1
10.2,0.084,2.07,20163,0.061,23,31.8,Good,1
13.18,0.02,2.3,930,0.117,34,32.5,Good,0
10.22,0.079,11.94,1372,0.031,88,24.7,Good,0
6.09,0.003,0.55,20357,0.007,17,26.8,Good,1
7.18,0.091,2.57,7114,0.011,8,27.5,Good,1
9.68,0.009,1.81,6718,0.035,63,21.5,Fair,1
10.64,0.003,1.3,19913,0.01,22,28.8,Good,1
5.45,0.025,5.5,25934,0.002,26,27.9,Good,0
10.93,0.005,2.37,2148,0.016,37,26.0,Good,1
8.06,0.005,8.85,6347,0.045,62,25.0,Good,1
14.44,0.035,5.47,6702,0.017,35,24.0,Fair,0
5.8,0.004,0.66,19503,0.014,18,22.0,Good,1
7.41,0.003,2.97,17163,0.006,38,24.7,Poor,0
8.27,0.007,4.42,21043,0.133,52,16.7,Fair,1
11.63,0.016,2.22,1979,0.006,56,25.2,Good,1
9.8,0.03,0.21,5311,0.021,16,30.0,Good,1
8.27,0.057,3.62,500,0.021,84,21.0,Fair,0
11.11,0.111,0.8,10168,0.003,67,30.8,Good,1
10.76,0.009,0.71,18155,0.055,49,22.9,Good,1
13.6,0.023,1.89,11735,0.031,30,25.1,Good,0
15.03,0.019,3.14,16884,0.006,84,28.9,Fair,1
11.02,0.039,3.05,11677,0.112,72,22.7,Good,1
7.45,0.001,3.37,18831,0.021,74,26.7,Good,1
9.19,0.064,0.65,7169,0.013,66,29.3,Fair,1
14.07,0.012,1.7,770,0.031,85,32.5,Good,1
17.34,0.001,8.23,16033,0.134,53,27.4,Fair,0
10.67,0.034,3.73,27745,0.136,83,22.4,Good,0
10.17,0.036,2.04,23753,0.003,33,19.9,Good,1
5.04,0.017,1.7,12313,0.013,43,33.3,Good,1
5.0,0.099,1.8,14565,0.043,58,23.7,Good,0
6.68,0.028,3.62,15111,0.012,81,24.9,Good,1
9.9,0.033,0.27,10652,0.075,43,11.7,Good,1
13.27,0.007,0.8,3739,0.052,39,21.1,Good,1
12.81,0.001,1.0,25172,0.013,62,22.4,Fair,0
11.47,0.004,1.11,20687,0.089,38,27.2,Fair,1
11.78,0.001,0.36,12523,0.012,7,26.6,Good,1
6.25,0.068,1.67,9365,0.045,27,18.0,Fair,1
5.0,0.014,11.86,28571,0.072,16,24.8,Fair,0
13.31,0.022,0.09,17462,0.05,26,16.4,Good,1
10.06,0.008,1.27,17780,0.001,82,26.0,Good,1
7.06,0.042,7.08,17048,0.046,61,29.9,Good,0
5.0,0.029,0.19,4763,0.009,67,25.9,Good,1
7.73,0.014,1.76,7193,0.042,45,30.3,Fair,1
7.42,0.001,1.22,20602,0.045,9,37.8,Good,1
9.71,0.005,0.31,14720,0.058,41,33.9,Good,1
11.9,0.013,3.57,22780,0.022,12,24.6,Good,1
11.86,0.083,5.27,19478,0.059,77,30.4,Good,0
11.29,0.008,3.36,16661,0.124,7,19.6,Poor,0
13.16,0.115,2.57,15226,0.019,75,25.1,Good,0
8.7,0.003,4.77,12526,0.021,66,24.1,Good,1
8.68,0.015,3.93,17136,0.013,7,29.4,Fair,1
10.25,0.112,6.41,23523,0.309,34,22.4,Good,0
14.23,0.083,16.56,11435,0.027,67,32.3,Good,0
5.97,0.014,1.06,7650,0.002,6,24.8,Good,1
10.7,0.01,11.98,22874,0.145,44,23.9,Fair,0
10.5,0.037,2.88,18939,0.013,20,21.9,Fair,1
8.33,0.002,13.91,26364,0.06,18,22.1,Fair,0
10.61,0.036,3.47,2874,0.005,79,21.9,Fair,1
8.84,0.079,6.63,20268,0.005,39,35.1,Good,0
9.9,0.003,0.99,29356,0.057,11,24.9,Good,1
13.57,0.07,1.71,20455,0.016,79,34.2,Fair,0
12.46,0.048,4.56,19058,0.048,68,24.2,Good,1
10.44,0.007,6.81,15229,0.0,29,31.4,Fair,0
5.92,0.04,3.11,20970,0.076,14,26.2,Poor,1
14.73,0.04,10.75,11428,0.018,65,26.0,Good,0
13.59,0.002,8.21,2814,0.182,87,22.2,Fair,0
11.13,0.001,1.56,27524,0.057,42,24.7,Good,0
5.66,0.007,6.34,500,0.059,23,26.2,Fair,1
8.31,0.121,0.66,20201,0.027,59,24.5,Good,1
9.86,0.09,1.05,16946,0.012,7,18.7,Fair,1
14.33,0.138,0.82,17741,0.074,76,27.3,Fair,0
10.59,0.064,2.63,20672,0.006,15,21.6,Good,1
15.4,0.003,3.49,21725,0.019,43,21.7,Good,1
8.64,0.037,1.38,500,0.059,78,20.2,Good,1
9.86,0.006,2.76,27027,0.041,5,29.4,Good,1
9.26,0.001,0.33,9544,0.025,16,34.0,Fair,1
11.92,0.007,0.44,26194,0.002,84,29.6,Good,1
12.09,0.05,6.47,18147,0.021,74,31.6,Good,0
10.59,0.03,5.26,9788,0.103,23,22.6,Poor,0
11.57,0.043,2.76,10410,0.041,66,25.2,Good,1
10.36,0.003,0.12,12940,0.101,66,16.7,Fair,1
6.32,0.176,0.16,3285,0.101,54,33.4,Good,0
8.62,0.092,2.19,20218,0.122,22,17.1,Fair,0
8.12,0.05,9.59,18166,0.01,25,24.9,Good,0
13.52,0.024,2.89,24190,0.009,38,16.3,Poor,0
6.12,0.059,0.56,24286,0.175,43,25.4,Good,0
6.15,0.023,1.14,27006,0.009,19,29.3,Good,1
9.04,0.074,6.55,31613,0.044,78,23.7,Good,0
9.41,0.03,11.03,20861,0.019,48,24.6,Good,1
12.75,0.024,2.9,17771,0.034,61,30.5,Good,1
6.88,0.14,0.39,10009,0.101,20,34.6,Fair,0
10.45,0.028,3.85,17919,0.102,53,30.5,Good,1
13.56,0.02,4.21,17421,0.372,9,21.2,Poor,0
10.96,0.033,5.36,18375,0.105,39,30.9,Fair,0
6.32,0.064,2.29,13799,0.039,5,25.6,Good,1
14.78,0.02,2.38,8224,0.014,36,33.2,Fair,1
13.03,0.019,7.96,500,0.001,34,36.5,Good,0
13.07,0.037,5.79,34518,0.084,66,28.8,Good,0
10.84,0.002,10.9,8968,0.033,26,23.6,Good,1
10.54,0.015,3.77,26136,0.063,28,20.1,Good,1
9.33,0.008,2.98,10189,0.042,26,26.6,Poor,1
10.67,0.002,4.01,25913,0.151,56,25.2,Good,0
10.12,0.038,2.12,5049,0.076,28,21.5,Fair,1
7.98,0.039,2.4,17231,0.044,19,28.2,Good,1
11.24,0.001,4.11,22711,0.013,38,36.1,Good,1
7.59,0.022,5.06,28112,0.059,89,27.8,Good,0
14.89,0.004,8.98,10346,0.013,35,19.9,Good,0
10.7,0.085,4.21,2552,0.038,32,31.1,Poor,0
6.37,0.033,5.25,9359,0.041,86,24.7,Good,1
10.51,0.004,2.39,3690,0.071,34,30.5,Poor,1
11.83,0.02,0.66,24704,0.037,58,25.7,Good,1
10.4,0.061,4.93,13780,0.002,30,21.1,Good,0
6.01,0.032,1.46,6173,0.046,48,14.2,Poor,1
10.25,0.019,8.41,14208,0.101,73,21.7,Good,0
12.98,0.008,4.75,15225,0.051,74,25.0,Good,0
9.92,0.037,5.79,21542,0.01,47,19.7,Good,1
9.08,0.001,0.58,15453,0.169,41,27.6,Good,1
7.18,0.041,0.97,13847,0.048,60,23.9,Good,1
14.47,0.002,4.75,10092,0.059,10,23.5,Good,0
11.31,0.015,3.91,24525,0.037,41,18.2,Good,1
9.33,0.07,5.29,10387,0.001,27,12.0,Fair,0
5.56,0.0,1.1,16466,0.186,73,24.9,Good,1
11.74,0.024,7.44,14781,0.008,32,20.3,Fair,1
5.88,0.025,6.15,2091,0.111,86,21.7,Fair,0
13.12,0.012,7.35,32258,0.054,81,22.0,Fair,0
10.1,0.007,5.35,8972,0.036,62,23.2,Good,1
10.55,0.125,5.35,4222,0.022,70,20.1,Fair,0
13.56,0.012,0.08,20751,0.004,87,30.0,Fair,1
7.73,0.009,0.52,25625,0.052,50,27.8,Good,0
8.07,0.156,3.68,22422,0.044,68,27.7,Good,1
13.22,0.105,1.02,6641,0.029,57,15.2,Poor,0
9.34,0.087,4.15,12785,0.017,74,24.2,Fair,1
10.85,0.074,5.22,20303,0.01,51,30.9,Poor,0
11.2,0.068,0.96,9789,0.035,76,26.5,Good,1
15.11,0.014,3.33,21026,0.051,69,26.9,Good,1
9.37,0.064,0.91,8195,0.04,67,19.0,Good,1
11.33,0.032,0.02,8720,0.159,36,28.2,Good,1
12.17,0.224,1.84,12017,0.03,66,26.1,Good,0
12.8,0.048,0.01,2794,0.079,12,31.3,Good,1
8.31,0.035,3.3,16476,0.041,56,30.1,Good,1
11.78,0.028,0.32,13638,0.077,65,22.7,Fair,1
6.57,0.016,2.28,13450,0.005,23,32.6,Poor,0
11.89,0.041,2.19,24768,0.006,39,27.9,Fair,1
15.65,0.008,1.8,27345,0.02,7,25.7,Good,0
5.0,0.012,2.25,19108,0.031,46,22.3,Good,1
9.92,0.023,5.23,29178,0.073,18,20.0,Fair,0
10.91,0.126,0.29,14198,0.015,25,24.0,Poor,0
12.74,0.024,6.0,8574,0.003,46,12.9,Good,0
12.65,0.001,4.36,15535,0.138,9,27.6,Good,0
12.38,0.009,3.33,4965,0.031,87,16.9,Good,1
13.49,0.01,1.16,16604,0.037,14,30.7,Fair,1
10.53,0.031,0.34,12063,0.031,46,27.2,Good,1
12.71,0.042,3.15,15166,0.082,44,21.4,Good,1
8.06,0.007,1.6,8606,0.071,49,26.6,Fair,1
9.24,0.011,2.4,22064,0.039,47,24.6,Good,1
8.72,0.06,13.35,24187,0.011,49,29.6,Good,0
8.0,0.064,2.02,15542,0.009,64,29.3,Fair,1
9.0,0.008,8.98,11770,0.053,17,35.3,Good,0
6.8,0.065,2.81,14362,0.207,61,27.3,Fair,0
9.44,0.007,0.05,22885,0.041,49,27.9,Good,1
10.98,0.008,7.81,16347,0.062,31,31.6,Good,1
5.0,0.027,7.05,10137,0.02,19,29.2,Good,1
11.64,0.006,1.71,27923,0.053,57,23.4,Good,1
11.21,0.04,0.54,14806,0.056,32,22.7,Good,1
10.6,0.01,7.26,21970,0.059,48,18.3,Good,1
11.54,0.082,5.81,16436,0.078,61,27.0,Fair,0
9.28,0.005,2.37,23856,0.04,37,24.4,Poor,1
8.39,0.054,10.01,14275,0.016,77,27.6,Fair,0
9.22,0.001,13.17,7516,0.088,28,30.4,Fair,1
11.1,0.004,1.11,29705,0.001,44,29.0,Good,1
5.15,0.054,0.2,22602,0.111,20,33.6,Good,0
10.21,0.003,7.12,24295,0.046,14,29.9,Fair,1
11.5,0.029,2.25,9767,0.074,56,15.8,Fair,1
14.84,0.036,4.85,25519,0.014,48,23.8,Good,0
7.47,0.12,3.67,15348,0.05,11,33.5,Good,1
8.16,0.006,1.3,14703,0.178,33,18.0,Fair,1
9.75,0.009,2.91,12526,0.081,53,21.2,Good,1
9.52,0.004,3.84,20370,0.006,34,30.4,Good,1
10.06,0.197,0.56,9332,0.027,39,17.4,Poor,0
5.26,0.069,12.41,22160,0.086,5,22.6,Good,0
10.44,0.037,4.64,12851,0.03,36,20.5,Good,1
9.61,0.003,1.75,15614,0.142,61,19.5,Good,1
14.23,0.04,9.78,22625,0.064,15,26.4,Poor,0
6.57,0.0,2.19,15868,0.017,46,22.3,Good,1
10.28,0.017,5.23,22755,0.059,41,27.1,Fair,1
13.0,0.024,6.41,9635,0.086,77,24.3,Good,0
12.43,0.019,3.68,23260,0.023,19,30.6,Good,1
9.08,0.007,0.1,21237,0.052,59,22.2,Good,1
9.37,0.045,3.72,5125,0.221,43,22.0,Fair,1
8.58,0.028,13.3,14884,0.024,8,24.6,Good,1
8.89,0.056,2.45,19487,0.006,86,23.5,Good,0
13.52,0.165,1.36,17957,0.162,38,17.1,Good,0
6.62,0.032,3.12,20104,0.029,30,27.5,Good,1
9.5,0.013,13.57,11223,0.041,34,19.6,Good,1
10.72,0.027,2.06,23807,0.048,22,34.8,Good,1
17.93,0.01,13.3,2976,0.12,66,30.4,Good,0
10.29,0.005,6.32,19972,0.144,17,23.2,Good,0
13.38,0.036,1.88,14588,0.017,22,22.0,Good,1
14.12,0.034,8.03,14560,0.088,69,26.4,Good,0
9.41,0.077,2.31,13789,0.094,80,28.0,Fair,0
5.0,0.001,2.59,23992,0.059,16,29.7,Good,1
8.12,0.009,12.63,21899,0.0,89,29.8,Good,1
11.54,0.054,7.19,9868,0.07,70,27.2,Fair,0
11.05,0.004,2.67,23561,0.004,39,21.6,Good,1
9.57,0.066,11.8,500,0.004,47,26.1,Fair,0
5.18,0.011,1.32,8898,0.081,83,29.1,Good,1
9.42,0.01,4.09,15479,0.022,60,26.4,Good,1
5.0,0.035,3.92,16470,0.004,63,29.0,Fair,1
7.08,0.032,2.94,18139,0.016,47,22.5,Good,1
8.43,0.055,1.53,16218,0.0,48,23.4,Fair,1
10.47,0.011,5.4,9735,0.022,27,23.5,Fair,1
10.79,0.023,9.63,16548,0.024,86,26.3,Good,1
8.25,0.04,4.87,22723,0.169,69,31.2,Poor,0
8.15,0.061,4.13,12471,0.002,35,25.0,Good,1
11.8,0.009,1.84,10934,0.073,40,24.3,Fair,1
11.87,0.026,8.49,5889,0.012,62,17.2,Good,1
12.45,0.054,1.52,5484,0.062,21,33.2,Fair,0
8.37,0.005,2.9,13697,0.016,76,23.9,Good,1
7.02,0.03,3.62,14845,0.166,49,23.7,Fair,1
12.15,0.029,14.92,20745,0.007,6,28.4,Good,0
11.78,0.001,1.39,15814,0.021,36,32.7,Good,1
10.49,0.075,0.1,15407,0.114,71,23.9,Good,0
14.47,0.003,1.04,14173,0.069,45,16.8,Good,0
10.06,0.132,0.31,16845,0.023,24,23.1,Fair,1
9.05,0.035,0.64,18985,0.025,62,30.7,Good,1
9.3,0.025,8.83,18730,0.062,10,20.8,Good,0
16.27,0.03,1.11,31188,0.004,28,25.0,Fair,0
5.0,0.002,0.72,27267,0.029,22,22.9,Poor,0
11.77,0.121,21.05,2215,0.029,55,27.3,Good,0
11.28,0.057,0.71,15153,0.032,66,28.6,Fair,1
6.12,0.033,5.91,12495,0.0,35,25.0,Poor,0
6.25,0.016,7.54,19836,0.065,13,22.8,Good,1
9.8,0.005,1.36,20953,0.25,8,24.1,Fair,1
14.26,0.1,12.06,10196,0.043,35,21.6,Good,0
12.37,0.043,1.1,15114,0.012,8,20.2,Good,1
8.78,0.12,3.49,20490,0.029,54,33.1,Good,1
10.31,0.09,11.71,13487,0.076,45,29.6,Good,0
6.24,0.016,7.72,17909,0.012,11,12.0,Fair,1
10.6,0.016,4.73,20441,0.008,79,31.0,Good,1
8.49,0.005,5.8,14347,0.0,40,21.6,Poor,0
10.1,0.015,1.45,20434,0.068,77,19.3,Good,1
13.58,0.068,0.8,7150,0.023,81,22.0,Good,0
14.27,0.003,3.15,8356,0.076,54,27.6,Poor,0
11.95,0.014,5.01,2975,0.071,13,35.0,Good,0
19.33,0.07,4.78,12434,0.127,64,34.0,Fair,0
12.52,0.009,1.69,10061,0.02,88,27.2,Fair,1
12.34,0.118,2.74,6266,0.077,67,23.1,Good,0
5.45,0.049,6.8,12143,0.04,87,25.0,Fair,0
8.02,0.008,6.44,500,0.007,78,30.5,Good,1
12.08,0.045,6.37,11863,0.014,58,31.1,Poor,0
10.78,0.045,0.21,790,0.018,35,27.0,Fair,1
8.11,0.003,6.13,27269,0.017,41,19.4,Good,0
13.71,0.116,4.11,23939,0.011,40,32.2,Fair,0
7.11,0.023,15.72,7342,0.003,49,23.8,Fair,1
7.23,0.022,1.7,3027,0.011,46,21.7,Good,1
10.62,0.037,0.32,15554,0.004,85,22.3,Good,1
9.19,0.042,1.24,21491,0.061,56,19.3,Good,1
13.05,0.117,0.45,17171,0.008,85,27.8,Good,0
11.02,0.048,4.56,13164,0.044,26,24.8,Good,1
13.37,0.008,4.46,12327,0.189,13,24.9,Good,0
9.48,0.098,2.28,11505,0.064,5,17.0,Good,1
6.12,0.05,0.38,20517,0.011,79,21.1,Good,1
7.93,0.003,2.46,20456,0.056,11,32.4,Poor,1
11.5,0.108,3.14,18776,0.011,57,29.3,Good,1
12.66,0.019,10.14,23583,0.016,36,36.8,Fair,0
9.31,0.04,1.14,26626,0.061,41,35.0,Poor,0
7.7,0.07,1.38,11902,0.018,47,24.8,Good,1
8.52,0.043,1.21,26549,0.009,18,29.0,Fair,1
11.02,0.005,1.37,6318,0.036,50,20.9,Good,1
11.45,0.015,9.8,19378,0.153,32,25.4,Poor,0
5.0,0.004,2.0,16401,0.011,77,39.9,Fair,1
11.26,0.023,3.77,19854,0.009,62,27.8,Good,1
7.24,0.007,0.01,22806,0.036,18,29.6,Good,1
7.87,0.004,1.01,4931,0.037,56,18.1,Good,1
8.31,0.038,3.26,2312,0.039,64,15.6,Fair,1
5.0,0.082,3.99,15027,0.038,14,20.4,Good,1
10.77,0.047,0.92,21867,0.011,48,23.8,Good,1
17.86,0.04,4.67,6104,0.015,5,26.4,Fair,1
15.28,0.074,2.66,23771,0.03,20,21.9,Fair,0
7.6,0.02,6.51,14491,0.116,22,29.2,Poor,0
5.0,0.042,0.31,24600,0.028,89,22.5,Good,1
8.09,0.019,0.28,5482,0.023,44,29.5,Fair,1
13.82,0.01,4.34,13388,0.082,70,25.0,Good,1
11.37,0.061,5.57,26646,0.081,49,27.0,Fair,0
7.42,0.007,0.87,17372,0.119,69,27.3,Good,1
10.57,0.04,0.68,22530,0.032,65,20.8,Good,1
8.04,0.01,2.21,15124,0.01,11,29.5,Fair,1
11.53,0.064,1.27,23244,0.059,27,25.9,Good,1
11.66,0.008,4.75,18705,0.015,61,18.2,Fair,1
7.91,0.004,4.8,19656,0.023,41,26.7,Good,1
5.31,0.016,9.13,12364,0.116,89,28.7,Fair,0
11.41,0.003,0.4,2715,0.34,32,28.8,Fair,0
11.84,0.011,0.16,6866,0.001,35,23.8,Fair,1
13.25,0.011,0.06,4502,0.072,58,26.9,Good,1
13.27,0.08,3.54,16159,0.071,42,25.1,Fair,0
11.5,0.105,10.59,3805,0.021,49,28.1,Good,0
12.66,0.024,4.49,6528,0.142,19,32.4,Good,0
13.03,0.013,0.68,25731,0.051,55,27.8,Good,0
7.36,0.073,0.74,27433,0.091,73,29.3,Poor,0
5.0,0.007,3.4,12627,0.016,83,33.8,Good,1
14.72,0.001,2.2,16560,0.106,80,21.2,Fair,0
11.89,0.014,6.49,8565,0.295,7,26.3,Poor,0
12.46,0.075,0.26,10868,0.185,74,24.0,Fair,0
9.38,0.003,0.95,9027,0.013,44,22.5,Good,1
9.15,0.145,5.7,14505,0.016,72,27.4,Good,0
8.54,0.012,1.76,12184,0.056,10,28.0,Good,1
8.33,0.08,0.67,14748,0.018,52,20.8,Fair,1
10.55,0.006,3.91,36544,0.016,46,24.6,Good,1
7.5,0.002,2.17,28910,0.043,61,23.4,Fair,0
11.18,0.073,18.21,500,0.11,36,24.8,Fair,0
5.78,0.026,7.29,22611,0.026,32,23.2,Good,1
9.27,0.121,0.77,12601,0.042,54,36.1,Good,1
9.52,0.019,4.33,16734,0.01,28,19.5,Good,1
8.36,0.105,14.02,21666,0.042,17,31.1,Good,0
8.46,0.033,7.46,10750,0.056,23,27.4,Good,0
7.48,0.0,8.18,7906,0.079,58,21.8,Good,1
11.38,0.004,2.66,7507,0.014,82,21.7,Good,1
8.18,0.027,2.25,18661,0.045,89,22.4,Fair,1
14.17,0.001,0.91,16130,0.048,82,14.3,Good,1
5.0,0.073,0.7,28797,0.001,43,22.2,Fair,0
10.99,0.008,1.91,11399,0.069,15,31.3,Fair,1
12.06,0.106,1.96,29788,0.003,6,25.5,Fair,0
13.89,0.017,0.12,15734,0.135,27,26.3,Fair,0
12.61,0.118,8.65,11355,0.067,28,29.4,Poor,0
14.42,0.017,0.33,1884,0.021,75,23.0,Poor,0
11.92,0.003,0.39,13475,0.009,55,25.4,Good,1
5.0,0.043,5.56,18733,0.117,74,32.6,Fair,0
7.15,0.021,8.64,28978,0.113,82,30.7,Good,0
6.68,0.008,1.67,24784,0.006,67,23.7,Good,1
5.0,0.036,2.28,14450,0.009,14,29.6,Good,1
10.32,0.043,10.73,17112,0.054,81,31.4,Good,1
9.63,0.034,2.49,15746,0.006,88,32.6,Good,1
11.81,0.03,0.44,17062,0.018,84,18.8,Fair,1
5.0,0.002,0.22,8116,0.059,43,27.8,Good,1
5.99,0.018,6.94,14250,0.022,35,31.6,Fair,1
5.44,0.074,1.0,500,0.024,73,22.9,Good,1
13.46,0.108,0.51,16523,0.038,7,27.2,Good,0
11.36,0.142,3.3,7141,0.063,10,20.2,Fair,0
9.38,0.043,0.32,20716,0.026,75,14.8,Fair,1
5.88,0.004,1.75,9324,0.027,62,22.2,Good,1
10.61,0.007,7.02,14252,0.009,79,22.4,Good,1
15.26,0.127,1.0,15147,0.109,84,26.1,Fair,0
12.08,0.056,3.03,9135,0.066,75,34.1,Good,0
13.6,0.023,1.91,16122,0.123,26,24.7,Good,0
13.66,0.034,1.57,14244,0.065,34,27.1,Fair,1
9.61,0.061,1.24,19638,0.232,7,33.2,Fair,0
13.21,0.112,0.8,4654,0.018,51,27.9,Good,0
9.1,0.057,9.13,5324,0.004,38,30.2,Good,0
14.97,0.001,7.21,18929,0.13,40,23.2,Good,0
5.0,0.001,3.5,25546,0.001,71,24.6,Good,1
9.89,0.146,3.14,22612,0.016,81,19.9,Good,1
9.7,0.071,6.55,10177,0.013,24,24.4,Good,0
7.31,0.003,0.95,500,0.02,38,23.1,Good,1
13.99,0.057,0.67,17505,0.008,27,19.2,Fair,0
5.0,0.001,1.99,7434,0.051,27,28.0,Fair,1
6.99,0.021,1.1,8980,0.056,75,29.9,Good,1
11.57,0.054,1.79,5425,0.004,89,29.5,Good,0
12.68,0.08,1.37,29636,0.032,57,17.3,Good,0
5.0,0.076,0.9,16481,0.087,52,27.1,Fair,1
7.14,0.058,1.17,9584,0.1,13,29.5,Good,1
11.35,0.036,3.7,20884,0.028,28,33.9,Fair,1
6.85,0.039,5.5,21059,0.012,10,26.4,Fair,1
7.04,0.053,1.67,21234,0.02,44,24.8,Good,1
6.79,0.032,0.77,30291,0.018,61,25.9,Good,1
12.81,0.003,0.38,1651,0.125,39,30.3,Good,0
10.69,0.048,9.22,500,0.079,62,26.8,Good,1
10.44,0.013,0.98,24493,0.045,6,32.2,Fair,1
12.0,0.017,0.58,30529,0.005,75,26.2,Good,1
11.94,0.052,6.05,7669,0.015,6,31.8,Good,0
10.24,0.029,0.36,19432,0.04,37,17.2,Good,1
14.51,0.015,0.41,26348,0.103,89,12.6,Good,0
6.38,0.021,4.47,6397,0.057,31,26.7,Good,1
7.19,0.047,4.82,19256,0.035,67,26.8,Fair,1
16.26,0.076,0.87,6881,0.007,86,24.7,Good,0
7.05,0.004,0.23,16569,0.039,24,20.5,Fair,1
9.99,0.047,1.16,10285,0.018,57,32.9,Good,1
11.72,0.025,0.84,19022,0.022,82,34.0,Good,1
6.92,0.045,2.02,24840,0.071,43,28.4,Good,1
9.59,0.035,13.94,10249,0.021,48,24.2,Good,1
6.54,0.005,8.59,1501,0.027,37,21.5,Fair,1
15.86,0.067,11.29,18203,0.008,45,25.7,Fair,0
5.0,0.005,1.99,6807,0.009,67,35.8,Fair,1
13.57,0.017,6.5,8470,0.042,82,25.4,Good,0
9.78,0.023,3.62,14394,0.004,84,27.5,Fair,1
14.47,0.026,3.98,18931,0.016,84,27.8,Good,0
11.31,0.035,10.99,500,0.056,45,21.6,Good,1
8.79,0.019,0.22,21725,0.024,23,26.0,Good,1
11.28,0.035,1.74,18345,0.08,52,27.2,Fair,1
13.3,0.021,12.68,33179,0.012,58,29.4,Good,0
10.44,0.058,2.96,10087,0.013,61,24.4,Good,1
7.59,0.009,1.96,13978,0.036,46,22.2,Good,1
10.06,0.003,0.3,5626,0.043,53,25.8,Poor,1
13.07,0.004,0.18,16402,0.052,8,18.3,Poor,0
8.64,0.007,0.54,13250,0.007,49,21.4,Poor,1
6.15,0.119,0.62,22822,0.004,5,14.5,Fair,1
9.09,0.021,0.1,500,0.02,20,32.7,Good,1
11.99,0.011,0.41,18969,0.057,51,22.3,Good,1
9.45,0.017,6.1,12146,0.245,25,25.2,Good,0
10.15,0.021,15.31,19001,0.02,67,22.3,Good,1
11.3,0.081,0.25,18803,0.059,16,31.4,Good,1
5.0,0.227,0.58,7274,0.007,18,33.1,Poor,0
8.25,0.044,2.65,5608,0.027,35,32.5,Good,1
15.57,0.032,3.38,20431,0.001,35,20.9,Fair,1
12.64,0.034,6.36,6380,0.066,56,19.4,Good,0
9.89,0.037,2.88,500,0.066,7,24.8,Good,1
9.66,0.004,3.93,4606,0.04,39,29.8,Good,1
10.15,0.079,3.44,16794,0.083,41,29.5,Fair,0
6.19,0.013,0.89,17295,0.014,31,35.6,Good,1
13.99,0.003,0.37,15570,0.012,29,18.5,Good,1
13.21,0.108,0.08,19832,0.008,80,36.5,Fair,0
5.56,0.107,23.17,7212,0.106,9,30.0,Good,0
7.53,0.006,7.84,9247,0.035,62,28.9,Fair,1
7.63,0.021,0.94,15272,0.136,30,25.6,Fair,1
7.04,0.045,5.23,12726,0.043,22,15.1,Good,1
10.14,0.055,1.06,2657,0.011,71,21.8,Poor,0
11.26,0.075,0.81,17134,0.157,37,22.5,Good,0
9.45,0.011,1.52,17069,0.018,77,26.1,Fair,1
11.33,0.116,4.59,8394,0.02,47,25.8,Good,1
16.64,0.065,7.91,24541,0.07,74,18.7,Poor,0
13.09,0.045,1.16,21978,0.103,19,25.4,Good,0
9.55,0.019,0.74,16429,0.01,66,31.1,Good,1
13.83,0.071,4.94,13786,0.006,76,31.1,Good,0
13.17,0.052,0.48,22465,0.002,86,23.9,Fair,0
7.25,0.114,1.42,8304,0.075,38,27.1,Good,1
10.12,0.017,2.94,23101,0.035,48,24.2,Good,1
9.46,0.044,3.62,14149,0.027,40,21.9,Fair,1
11.75,0.022,2.45,21864,0.036,32,20.9,Good,1
12.38,0.017,0.23,14023,0.011,40,21.4,Good,1
11.56,0.051,10.57,7038,0.036,34,24.1,Good,0
8.24,0.001,20.69,17632,0.013,9,31.3,Good,1
8.66,0.045,2.84,17218,0.033,88,24.9,Fair,1
10.68,0.078,0.41,15140,0.061,34,28.3,Good,1
8.34,0.0,1.47,8743,0.004,20,21.2,Good,1
5.0,0.083,9.43,5172,0.034,33,24.2,Good,0
9.02,0.007,6.11,17530,0.007,10,20.6,Poor,0
10.54,0.003,12.44,25426,0.014,78,26.3,Good,0
9.28,0.059,10.92,13685,0.017,29,26.1,Good,0
6.35,0.047,0.73,16275,0.019,47,28.3,Fair,1
12.43,0.032,0.37,4884,0.002,28,16.0,Poor,0
8.85,0.008,1.99,14010,0.148,17,23.0,Poor,0
10.81,0.06,1.68,5590,0.008,84,27.4,Poor,0
13.55,0.003,1.63,18847,0.019,59,20.1,Good,1
8.81,0.019,0.57,10085,0.018,59,21.5,Fair,1
13.27,0.009,2.53,11296,0.081,20,31.5,Good,1
6.68,0.015,0.23,3833,0.024,11,28.0,Good,1
9.98,0.005,1.47,13275,0.13,18,26.6,Fair,1
14.96,0.031,0.87,6221,0.071,33,17.6,Poor,0
12.85,0.002,1.19,16944,0.031,24,26.5,Good,1
10.53,0.13,2.35,500,0.12,53,24.2,Fair,0
7.6,0.075,1.81,500,0.079,84,32.0,Fair,1
12.13,0.02,0.21,28352,0.03,68,20.3,Good,0
11.76,0.032,0.91,9105,0.017,68,17.5,Poor,1
9.72,0.126,2.23,22596,0.037,65,24.7,Good,1
9.21,0.0,0.16,12308,0.189,25,29.8,Good,1
11.39,0.052,3.67,22100,0.185,53,28.8,Good,0
8.95,0.068,3.64,8819,0.025,45,22.9,Fair,1
12.74,0.06,7.52,12760,0.009,65,18.6,Good,0
8.26,0.002,1.55,10108,0.041,77,21.3,Poor,1
15.67,0.106,3.0,10134,0.018,50,26.8,Good,0
8.81,0.038,14.0,6181,0.065,83,27.5,Good,1
14.34,0.039,3.69,40216,0.02,49,19.4,Good,0
15.77,0.023,1.3,8803,0.041,34,14.7,Fair,1
10.09,0.026,1.64,28147,0.033,12,26.8,Poor,0
5.9,0.026,2.24,19740,0.004,14,22.6,Good,1
11.9,0.059,0.26,7120,0.002,9,26.0,Fair,1
9.76,0.074,1.22,10367,0.027,8,35.8,Good,1
5.73,0.015,0.45,8750,0.073,87,23.7,Poor,0
14.8,0.013,3.99,21417,0.03,45,21.0,Good,0
12.87,0.002,2.66,16638,0.04,26,28.8,Good,0
12.1,0.004,0.06,37517,0.166,37,21.3,Fair,0
10.54,0.034,0.54,26697,0.026,79,27.2,Fair,0
7.15,0.015,0.9,17548,0.12,69,19.1,Good,1
13.16,0.026,1.02,11432,0.02,44,25.6,Good,0
8.83,0.009,5.86,12555,0.028,53,31.6,Fair,1
9.33,0.031,9.78,24116,0.007,84,23.1,Fair,0
6.7,0.111,1.29,26364,0.02,64,28.0,Fair,0
8.23,0.02,1.33,25808,0.188,37,29.4,Fair,0
9.4,0.118,0.99,16854,0.02,69,32.8,Good,1
5.41,0.01,0.24,13058,0.009,35,15.5,Good,1
12.87,0.007,3.64,16660,0.055,40,21.3,Good,1
14.97,0.047,4.33,14113,0.193,40,23.1,Good,0
11.86,0.064,7.99,28106,0.031,45,26.9,Fair,0
9.72,0.079,2.62,15688,0.027,79,21.3,Good,1
8.05,0.143,2.87,15673,0.017,44,22.8,Good,1
12.38,0.014,6.06,2657,0.009,33,24.2,Poor,0
9.97,0.008,8.87,17455,0.031,65,26.4,Good,1
8.47,0.002,0.09,11169,0.032,56,26.8,Good,1
11.19,0.023,3.07,17108,0.032,38,30.5,Poor,0
5.3,0.028,2.41,16949,0.017,28,19.5,Good,1
10.33,0.003,0.67,9989,0.029,48,20.7,Good,1
6.62,0.136,11.58,21382,0.12,5,15.7,Fair,0
10.14,0.001,1.19,19466,0.03,63,26.6,Good,1
5.0,0.007,15.17,14955,0.046,24,30.9,Good,1
10.83,0.038,1.85,15068,0.074,19,17.2,Good,1
6.46,0.026,6.32,500,0.083,25,29.5,Good,1
10.49,0.024,13.64,32569,0.042,78,26.0,Fair,0
6.73,0.051,1.86,14266,0.025,78,20.6,Good,0
12.28,0.136,2.34,12665,0.019,49,19.4,Fair,0
12.79,0.002,1.95,4131,0.034,32,19.6,Good,1
9.8,0.024,3.44,17911,0.205,25,30.8,Fair,1
12.92,0.045,0.26,27073,0.012,76,28.0,Good,0
5.55,0.006,12.26,13332,0.004,21,31.0,Good,1
5.42,0.014,1.09,11611,0.061,23,18.2,Good,1
8.11,0.003,1.52,20855,0.016,48,27.5,Fair,1
11.15,0.046,1.5,16235,0.0,39,23.3,Good,1
7.71,0.067,1.39,23290,0.03,66,28.4,Fair,0
6.54,0.007,5.57,1711,0.032,33,27.5,Good,0
15.85,0.029,0.21,23200,0.013,46,20.3,Good,1
8.32,0.012,2.49,18233,0.006,70,28.6,Fair,1
10.92,0.072,3.44,8403,0.052,43,22.4,Fair,1
10.1,0.023,1.38,6263,0.059,72,25.7,Good,1
5.0,0.005,4.19,31336,0.101,75,21.7,Good,0
10.59,0.012,0.58,9509,0.143,56,17.8,Fair,1
10.97,0.013,4.08,10738,0.021,89,20.5,Poor,1
7.11,0.048,5.17,18898,0.052,15,30.4,Fair,0
9.62,0.002,1.8,21775,0.088,64,21.7,Good,1
9.82,0.106,4.1,17096,0.003,87,15.3,Good,1
14.11,0.043,5.03,6311,0.016,31,26.8,Good,0
7.47,0.082,8.86,750,0.004,62,13.8,Fair,0
13.52,0.084,1.11,12819,0.04,21,27.8,Good,0
12.04,0.023,1.68,7973,0.071,54,25.5,Good,1
13.45,0.001,0.2,17372,0.043,74,19.2,Good,1
6.0,0.001,5.32,24508,0.068,62,34.2,Good,1
12.55,0.132,3.96,18341,0.01,13,26.6,Fair,0
13.85,0.049,7.19,11310,0.051,31,28.8,Poor,0
6.42,0.05,0.77,17286,0.013,47,27.1,Good,1
8.27,0.006,4.15,10285,0.058,55,22.7,Fair,1
5.0,0.166,1.38,5446,0.017,35,17.1,Poor,0
11.24,0.09,0.44,20523,0.009,87,26.3,Good,0
6.44,0.008,1.45,23462,0.005,17,24.1,Fair,1
7.26,0.006,4.12,11098,0.053,50,30.4,Fair,1
5.84,0.002,2.43,21110,0.111,53,27.5,Fair,0
7.36,0.17,4.64,20939,0.006,71,21.8,Poor,0
6.88,0.023,1.49,30561,0.072,84,26.9,Good,1
11.75,0.012,9.73,26145,0.015,66,29.2,Good,0
6.98,0.069,1.07,17881,0.053,39,20.5,Good,0
10.66,0.013,6.85,21819,0.168,82,18.9,Good,0
8.21,0.013,6.77,12606,0.024,12,19.1,Good,0
15.46,0.069,1.32,16675,0.132,47,20.1,Fair,0
13.06,0.008,1.79,22351,0.051,11,27.7,Poor,0
5.0,0.068,2.26,18374,0.109,39,31.6,Fair,0
6.72,0.004,0.07,12970,0.103,25,28.4,Good,1
7.48,0.007,12.85,26535,0.008,5,22.4,Good,0
13.44,0.0,2.2,500,0.063,42,20.6,Fair,1
12.32,0.009,1.08,23768,0.027,26,27.1,Fair,1
7.96,0.009,3.94,500,0.022,89,14.9,Good,1
5.0,0.065,2.4,20098,0.034,21,33.1,Good,1
9.25,0.122,3.05,20012,0.05,51,23.4,Good,1
7.18,0.024,6.02,10475,0.026,83,22.6,Fair,1
7.43,0.167,4.39,15284,0.017,54,27.4,Good,1
6.83,0.06,4.48,21891,0.004,33,26.3,Good,0
14.41,0.046,0.95,9404,0.014,28,17.8,Good,0
8.55,0.135,1.67,22610,0.008,18,27.6,Fair,1
10.38,0.015,1.84,11246,0.073,73,27.9,Good,1
9.61,0.026,9.11,10133,0.082,77,28.0,Good,0
17.17,0.041,0.07,24474,0.161,8,28.6,Fair,0
10.34,0.001,3.12,14352,0.004,63,9.1,Good,1
6.43,0.042,0.76,14600,0.103,57,21.0,Fair,1
10.1,0.065,6.81,15012,0.03,69,27.1,Good,0
7.4,0.022,7.68,15782,0.097,13,23.8,Fair,1
8.78,0.051,0.43,3021,0.078,24,31.4,Fair,1
12.02,0.005,8.06,18073,0.045,15,19.1,Fair,0
9.24,0.004,2.82,20164,0.038,38,25.1,Fair,1
6.71,0.075,7.13,500,0.026,33,38.8,Good,0
9.08,0.027,1.63,12875,0.149,30,23.0,Good,1
11.46,0.032,1.76,500,0.03,87,18.0,Good,1
7.88,0.057,0.92,26418,0.021,52,22.9,Good,0
10.92,0.017,5.13,13017,0.019,82,24.2,Good,1
9.45,0.009,11.51,14498,0.128,51,26.2,Good,0
12.61,0.002,0.48,5509,0.0,89,27.9,Good,1
11.86,0.007,1.34,25806,0.039,11,21.7,Good,1
12.06,0.041,6.47,13866,0.031,35,22.2,Good,0
11.44,0.039,11.69,24452,0.003,10,36.7,Good,1
12.61,0.006,7.23,22590,0.008,30,21.6,Good,0
5.95,0.021,17.24,16175,0.003,76,22.4,Good,1
6.27,0.009,1.54,16862,0.045,22,21.6,Good,1
12.9,0.048,4.12,8180,0.014,76,27.4,Good,1
7.68,0.101,4.2,27876,0.005,85,20.9,Good,0
6.34,0.027,0.53,1491,0.074,73,19.4,Good,1
6.92,0.064,4.91,12013,0.011,36,26.3,Good,0
7.53,0.061,1.98,21616,0.04,19,25.8,Good,1
14.05,0.081,8.98,25341,0.126,13,33.3,Fair,0
10.92,0.007,6.39,11411,0.031,19,26.2,Good,1
13.29,0.039,4.36,500,0.09,23,25.0,Poor,0
13.69,0.014,4.07,19698,0.003,51,24.0,Good,1
7.78,0.074,0.87,4323,0.088,52,28.9,Good,1
12.91,0.081,2.26,14587,0.008,38,27.5,Poor,0
8.03,0.052,1.49,13114,0.076,42,32.6,Good,1
9.76,0.019,1.83,26027,0.022,49,25.6,Fair,1
10.86,0.051,3.44,13822,0.052,7,26.0,Good,1
17.18,0.003,0.86,14081,0.031,9,27.8,Good,1
12.13,0.011,5.46,39903,0.009,21,16.0,Good,0
9.01,0.042,6.96,9126,0.016,88,24.3,Good,1
10.03,0.002,3.37,13098,0.127,87,14.5,Poor,0
16.13,0.003,2.51,13512,0.03,54,17.0,Good,1
13.86,0.044,1.65,15116,0.137,82,28.7,Poor,0
11.62,0.037,3.02,32480,0.041,68,21.6,Good,1
9.49,0.055,4.73,8497,0.234,28,14.6,Good,0
9.93,0.046,8.56,17733,0.003,80,23.6,Good,1
12.13,0.002,1.74,15155,0.097,38,23.3,Good,0
5.98,0.057,2.81,14835,0.003,27,26.4,Good,1
11.83,0.051,11.34,2557,0.107,48,26.7,Good,0
14.43,0.005,3.02,22650,0.173,46,36.6,Good,0
5.0,0.095,0.85,9353,0.048,39,24.4,Good,1
8.96,0.119,1.25,8865,0.136,70,25.3,Fair,0
10.74,0.05,10.34,15624,0.036,14,19.6,Good,1
10.24,0.039,0.04,14680,0.15,37,18.0,Good,1
5.25,0.021,0.98,21534,0.169,16,23.7,Good,1
9.79,0.009,0.33,12810,0.004,73,24.9,Fair,1
11.31,0.002,6.11,21750,0.093,72,17.1,Fair,1
10.15,0.158,0.68,9461,0.079,20,21.7,Good,0
13.1,0.032,9.28,11740,0.13,5,24.4,Fair,0
9.37,0.025,3.74,19144,0.171,27,22.4,Good,1
10.41,0.006,2.33,38345,0.02,49,24.5,Fair,1
10.05,0.018,0.22,8871,0.01,54,19.4,Good,1
11.65,0.02,2.18,29411,0.041,5,26.1,Poor,0
8.66,0.019,3.37,12048,0.055,39,26.1,Good,1
11.67,0.024,1.44,10269,0.024,77,20.8,Good,1
12.78,0.101,3.49,34053,0.023,73,29.1,Good,0
10.32,0.11,1.47,6371,0.102,69,26.5,Good,0
8.48,0.028,5.17,13201,0.033,50,20.4,Fair,1
11.8,0.032,4.81,22663,0.027,16,26.5,Fair,1
16.2,0.095,3.54,14184,0.071,72,20.8,Good,0
8.2,0.092,9.06,2529,0.058,78,20.2,Good,0
8.38,0.012,1.55,11700,0.042,42,21.3,Good,1
10.82,0.016,5.46,18339,0.008,16,30.5,Good,1
8.36,0.006,7.83,4313,0.041,49,28.6,Fair,1
8.77,0.047,0.07,21266,0.023,34,21.1,Fair,1
10.24,0.045,6.5,27950,0.054,35,27.1,Fair,0
14.72,0.019,1.44,18653,0.031,74,25.4,Fair,0
12.28,0.004,1.06,21863,0.097,40,27.8,Good,1
7.72,0.059,0.31,7170,0.088,41,21.0,Good,1
10.57,0.13,6.59,2919,0.135,34,23.9,Good,0
13.25,0.026,20.86,16682,0.057,11,27.4,Good,0
5.0,0.0,2.39,17049,0.357,29,31.0,Good,1
8.46,0.063,9.45,8587,0.185,24,23.3,Good,0
12.31,0.04,0.72,1384,0.067,43,22.2,Poor,0
9.18,0.028,1.52,500,0.065,79,25.8,Fair,1
13.49,0.02,1.52,543,0.163,31,23.6,Good,0
9.43,0.023,6.43,3020,0.067,41,18.8,Fair,1
6.62,0.001,6.35,6230,0.013,84,24.7,Fair,1
17.72,0.148,13.5,500,0.012,73,22.1,Fair,0
8.14,0.107,0.37,21738,0.117,18,25.1,Good,0
6.01,0.037,0.3,500,0.013,84,25.5,Good,1
10.45,0.04,1.29,16917,0.004,82,28.7,Poor,1
5.0,0.02,0.79,17491,0.043,86,20.7,Fair,1
10.02,0.077,2.28,10787,0.073,27,22.4,Fair,1
8.85,0.115,10.74,500,0.012,35,25.2,Good,0
6.43,0.106,1.94,22711,0.082,5,24.9,Good,1
7.94,0.002,4.12,10062,0.015,9,28.4,Fair,1
8.16,0.022,15.24,10184,0.017,19,21.8,Good,0
5.95,0.109,0.2,29145,0.012,53,22.8,Good,0
10.33,0.048,4.07,9970,0.028,15,23.6,Poor,1
13.27,0.028,1.48,9015,0.084,78,23.4,Good,1
10.37,0.006,1.04,13641,0.03,5,33.2,Fair,1
15.88,0.049,12.49,18604,0.038,38,25.7,Good,0
11.29,0.074,1.8,11969,0.011,56,35.4,Good,1
5.0,0.055,7.04,27795,0.074,8,25.8,Poor,0
5.85,0.074,1.45,6590,0.009,7,12.3,Poor,0
9.32,0.106,3.47,13865,0.055,82,31.0,Good,1
5.44,0.071,5.82,5083,0.038,5,17.5,Good,0
12.26,0.013,0.85,10083,0.035,78,24.1,Good,1
9.67,0.032,6.79,13716,0.002,88,37.5,Good,1
6.3,0.035,3.53,22619,0.03,76,23.2,Good,1
5.0,0.061,2.01,7217,0.135,37,27.0,Fair,0
9.81,0.084,3.0,3392,0.133,46,19.8,Fair,0
9.92,0.092,9.67,15251,0.057,71,28.5,Good,0
9.99,0.007,0.81,10735,0.023,41,21.7,Good,1
10.58,0.034,4.06,28148,0.02,70,27.0,Good,1
13.56,0.015,0.36,27322,0.005,83,21.2,Good,0
11.15,0.072,0.18,18275,0.0,22,23.6,Poor,0
9.44,0.001,1.12,14171,0.107,40,27.1,Good,1
10.66,0.029,9.55,20276,0.119,15,33.8,Good,0
8.47,0.003,1.3,500,0.02,85,23.4,Fair,1
5.0,0.027,5.37,17622,0.055,15,29.8,Poor,0
7.78,0.108,5.09,21918,0.07,23,35.4,Fair,0
6.98,0.131,8.84,21291,0.037,44,22.2,Good,0
8.18,0.04,4.81,27545,0.062,9,24.3,Good,1
13.38,0.026,8.72,26027,0.005,45,21.6,Poor,0
10.02,0.011,2.11,3171,0.076,70,16.3,Good,1
14.0,0.033,2.67,4448,0.084,51,25.1,Good,1
7.15,0.029,0.48,12265,0.136,20,22.2,Good,1
5.52,0.024,0.75,15546,0.008,56,16.3,Good,1
8.8,0.09,14.31,9038,0.098,14,24.5,Good,0
11.84,0.002,3.14,12254,0.047,78,14.6,Fair,1
10.26,0.013,0.19,6710,0.055,78,27.0,Fair,1
8.72,0.012,9.37,19447,0.003,8,15.5,Fair,1
7.7,0.044,0.0,10169,0.082,11,22.8,Good,1
6.36,0.015,13.29,13840,0.028,79,25.2,Good,1
11.74,0.034,0.22,26296,0.008,57,25.1,Good,1
5.6,0.119,7.39,11929,0.006,46,26.0,Good,0
9.86,0.018,4.08,5135,0.007,41,27.9,Good,1
9.01,0.072,1.41,15235,0.018,35,27.6,Good,0
10.32,0.023,11.9,12449,0.014,50,34.4,Good,1
9.51,0.01,5.36,17464,0.012,78,18.5,Poor,0
6.3,0.002,1.25,9524,0.053,50,24.3,Fair,1
11.77,0.029,1.25,1995,0.061,84,12.5,Good,1
19.29,0.007,5.72,12934,0.21,85,26.5,Fair,0
9.29,0.031,7.58,500,0.034,54,23.2,Good,0
13.31,0.004,3.71,26535,0.006,11,12.8,Good,0
12.05,0.023,0.77,15269,0.058,32,26.3,Good,0
8.21,0.042,0.1,1604,0.083,50,23.8,Good,1
9.64,0.046,1.15,16474,0.042,39,22.9,Good,1
11.08,0.022,2.37,5427,0.015,75,39.6,Good,1
7.02,0.004,5.01,19898,0.025,40,20.1,Good,1
9.1,0.044,4.38,9948,0.017,44,22.2,Good,1
8.2,0.009,1.03,9772,0.051,11,23.1,Good,1
13.81,0.033,1.18,7159,0.053,14,13.0,Good,1
14.18,0.082,27.27,3169,0.013,26,33.4,Good,0
9.32,0.019,1.94,20723,0.091,60,17.1,Fair,1
13.24,0.082,2.88,14438,0.055,6,12.4,Fair,0
7.32,0.023,2.74,11896,0.026,62,27.5,Good,1
9.74,0.005,2.03,21382,0.099,11,15.6,Good,1
11.94,0.031,7.16,6207,0.007,16,28.2,Good,1
10.25,0.037,10.66,24447,0.017,25,27.0,Fair,1
10.31,0.033,5.22,500,0.022,57,31.2,Fair,1
16.69,0.004,0.51,15008,0.092,64,17.3,Fair,1
5.0,0.009,0.25,3041,0.045,89,21.4,Fair,1
12.43,0.117,2.1,11434,0.05,43,35.3,Good,0
14.1,0.053,4.36,16007,0.006,66,29.9,Poor,0
10.0,0.069,0.15,20486,0.008,68,14.2,Good,1
14.96,0.099,4.89,19984,0.056,38,35.0,Good,0
11.18,0.03,0.31,18479,0.065,81,23.0,Good,1
7.01,0.035,9.38,19150,0.019,61,27.3,Good,1
6.49,0.015,0.79,13286,0.014,43,29.2,Good,1
9.82,0.079,3.34,18572,0.009,63,35.9,Fair,1
10.58,0.093,5.56,34937,0.02,88,23.6,Fair,0
13.21,0.002,0.1,2947,0.03,33,16.8,Good,1
8.73,0.029,0.89,21900,0.004,17,16.5,Good,1
12.46,0.05,4.43,21538,0.032,59,25.5,Fair,1
8.75,0.018,1.3,26017,0.102,34,30.1,Fair,0
10.22,0.029,3.45,23205,0.069,86,25.2,Fair,1
12.17,0.004,5.85,8314,0.018,76,30.5,Good,0
11.73,0.11,4.53,2931,0.027,63,18.6,Poor,0
7.31,0.041,1.76,27389,0.039,76,26.6,Good,1
9.07,0.003,12.33,2617,0.013,83,26.3,Good,0
9.88,0.0,5.52,13698,0.136,51,20.6,Good,0
10.7,0.098,0.94,9255,0.055,11,19.3,Fair,1
11.05,0.025,3.66,19273,0.018,61,21.4,Good,1
9.38,0.011,5.52,6751,0.015,79,24.4,Fair,1
10.44,0.02,5.0,24374,0.017,37,32.5,Good,1
15.61,0.011,1.57,15278,0.02,7,30.4,Fair,1
8.29,0.024,0.13,14867,0.021,83,28.4,Good,1
5.57,0.022,4.23,17060,0.065,5,21.1,Good,1
7.39,0.172,1.51,20796,0.015,6,27.2,Good,1
9.52,0.01,2.9,7655,0.015,84,25.7,Good,1
12.61,0.021,5.2,24087,0.144,33,24.2,Good,0
8.86,0.009,8.37,4436,0.009,43,33.0,Good,0
12.63,0.034,2.32,14511,0.086,57,21.3,Fair,1
13.25,0.062,1.4,6388,0.034,40,17.8,Good,0
8.57,0.002,0.88,10581,0.022,5,19.5,Fair,1
16.88,0.042,1.96,29939,0.052,8,24.7,Good,0
8.02,0.004,6.92,11187,0.019,39,18.5,Good,1
9.2,0.027,7.56,25960,0.061,46,27.6,Good,0
9.02,0.013,6.5,17329,0.025,46,23.2,Fair,1
8.11,0.0,1.12,15420,0.057,15,23.9,Fair,1
7.18,0.008,0.33,10160,0.086,70,27.5,Good,1
8.29,0.029,3.52,12137,0.022,45,31.9,Poor,1
5.96,0.019,0.61,26331,0.134,28,28.9,Poor,0
8.2,0.09,3.02,16117,0.055,75,23.2,Good,1
12.23,0.036,0.13,22281,0.203,59,24.1,Good,0
6.37,0.102,5.67,15453,0.066,65,22.0,Fair,0
8.15,0.023,6.09,13068,0.079,76,32.3,Fair,1
7.21,0.005,1.28,5927,0.012,43,29.8,Good,1
13.38,0.034,1.81,8515,0.059,8,29.3,Fair,1
6.28,0.045,5.92,19862,0.032,57,29.8,Good,1
9.68,0.065,2.11,11067,0.087,24,17.9,Good,1
13.95,0.011,0.46,4134,0.079,13,28.5,Good,0
8.67,0.156,1.25,7592,0.061,7,24.4,Fair,1
9.57,0.129,4.73,13679,0.081,38,19.2,Good,1
7.84,0.04,1.19,500,0.03,53,23.8,Good,1
12.7,0.072,1.15,23998,0.047,54,23.8,Good,0
5.0,0.01,0.45,23951,0.15,67,31.4,Good,0
9.48,0.035,14.93,23787,0.038,81,35.3,Fair,0
5.68,0.02,0.19,18515,0.011,47,31.3,Fair,1
5.0,0.146,4.35,14969,0.026,28,20.5,Good,1
12.43,0.014,3.97,17640,0.017,5,20.9,Good,0
8.9,0.06,3.75,19034,0.177,36,22.8,Good,0
10.55,0.031,1.36,17916,0.052,36,21.6,Poor,1
11.47,0.015,1.16,13167,0.038,75,22.2,Fair,1
11.53,0.021,6.12,9970,0.024,35,11.9,Good,1
5.96,0.068,6.49,12750,0.033,30,18.1,Good,0
12.71,0.002,0.4,8871,0.014,84,22.7,Good,1
9.18,0.016,0.93,22761,0.024,31,19.1,Good,1
12.99,0.008,2.09,13653,0.055,26,28.0,Good,1
7.45,0.008,5.72,11136,0.001,52,25.6,Good,1
5.0,0.014,5.29,13047,0.005,81,26.5,Good,1
7.34,0.036,2.98,12339,0.011,43,27.0,Good,1
13.96,0.049,6.29,6791,0.062,62,26.9,Good,0
13.68,0.01,3.57,5318,0.122,72,30.3,Good,0
9.23,0.038,6.31,5214,0.047,64,32.1,Good,1
10.44,0.029,5.42,9370,0.036,40,23.3,Good,0
9.78,0.083,1.6,23957,0.029,6,26.4,Good,1
11.74,0.038,4.14,18680,0.001,75,21.6,Fair,1
12.46,0.002,0.9,10867,0.027,48,19.9,Good,1
10.25,0.02,1.42,12045,0.101,68,24.9,Good,1
13.47,0.009,2.33,14134,0.068,57,30.6,Fair,1
9.42,0.113,2.67,26772,0.031,71,26.1,Good,0
13.87,0.138,5.59,32144,0.089,9,22.7,Fair,0
8.17,0.013,3.03,6937,0.003,18,23.6,Good,1
10.74,0.029,5.77,26449,0.048,14,23.7,Good,0
14.41,0.035,1.96,10021,0.009,24,16.2,Good,1
15.22,0.043,7.66,14522,0.186,33,16.5,Good,0
7.64,0.128,5.03,16626,0.078,64,18.9,Fair,0
16.59,0.028,10.73,23716,0.03,22,36.8,Good,0
5.0,0.024,15.78,16541,0.022,43,26.9,Fair,1
14.37,0.034,1.17,11852,0.006,88,21.2,Good,1
11.15,0.003,7.93,4502,0.163,25,23.0,Fair,0
9.88,0.013,0.93,7173,0.01,63,34.0,Good,1
10.77,0.045,0.49,12244,0.059,42,18.7,Poor,1
14.61,0.131,9.27,21665,0.271,26,21.8,Good,0
7.84,0.023,0.75,7607,0.103,64,26.2,Fair,0
8.0,0.0,1.14,22488,0.005,48,28.9,Good,1
9.05,0.025,11.16,17144,0.01,88,25.1,Good,1
10.43,0.022,1.48,18785,0.0,55,21.5,Poor,1
11.56,0.05,4.66,6363,0.019,26,31.0,Good,1
9.56,0.007,2.22,11692,0.029,71,25.2,Fair,1
14.3,0.031,1.57,17278,0.007,80,30.2,Good,1
9.76,0.065,4.31,17666,0.081,36,12.5,Good,1
6.87,0.021,4.55,29271,0.003,55,28.1,Good,0
11.53,0.043,8.54,38483,0.126,81,19.9,Good,0
5.3,0.014,1.25,3060,0.099,10,20.2,Good,1
11.55,0.013,5.85,12883,0.031,44,26.8,Fair,1
16.19,0.075,0.04,16264,0.026,82,26.5,Good,0
15.0,0.029,4.26,28204,0.099,18,21.9,Good,0
6.71,0.041,8.4,21576,0.027,82,31.0,Good,1
10.03,0.013,7.93,22811,0.056,23,19.3,Good,1
12.67,0.064,2.44,10141,0.047,56,23.6,Good,0
13.69,0.031,2.39,8088,0.063,23,24.4,Good,1
11.32,0.019,2.38,3530,0.039,22,15.2,Good,1
5.56,0.032,3.27,8056,0.015,73,27.8,Poor,1
5.51,0.002,1.58,14901,0.008,65,19.2,Good,1
10.33,0.008,3.73,22424,0.019,12,16.1,Good,1
15.61,0.012,0.05,8192,0.037,56,25.5,Good,1
11.43,0.105,7.05,6036,0.015,47,21.2,Fair,0
10.45,0.066,1.37,12658,0.055,41,34.7,Fair,1
10.77,0.015,5.6,10787,0.1,66,18.4,Good,1
5.96,0.008,5.44,7809,0.015,43,25.9,Good,1
9.87,0.004,3.57,3189,0.028,9,34.0,Good,1
6.27,0.012,0.76,18598,0.158,77,21.4,Good,1
6.62,0.001,4.45,22574,0.009,73,25.3,Fair,1
6.51,0.012,1.22,12136,0.041,39,21.6,Good,1
13.49,0.015,4.3,6292,0.034,67,37.8,Good,1
11.3,0.023,2.07,9262,0.007,48,24.7,Fair,1
6.78,0.026,19.32,22031,0.027,70,27.4,Good,1
8.71,0.075,1.7,4591,0.053,65,16.0,Good,1
13.25,0.004,19.74,12057,0.053,32,28.5,Good,0
7.01,0.051,2.87,965,0.144,8,38.3,Poor,0
10.29,0.034,7.69,18991,0.001,67,23.3,Poor,0
8.26,0.101,2.54,14380,0.001,63,19.7,Good,1
9.85,0.034,3.89,25793,0.099,57,25.1,Good,1
14.68,0.042,1.72,500,0.125,16,23.6,Good,0
7.98,0.035,2.34,14820,0.083,63,24.7,Fair,1
8.11,0.013,7.13,12617,0.197,46,28.9,Good,0
5.0,0.018,9.75,20659,0.047,58,28.9,Fair,1
10.87,0.053,6.0,15257,0.103,23,24.8,Good,0
7.44,0.023,3.38,10545,0.048,75,25.2,Good,1
6.53,0.005,15.66,17580,0.025,24,27.5,Fair,1
7.05,0.004,8.96,2428,0.031,38,20.3,Fair,0
12.3,0.061,10.68,11688,0.014,54,29.0,Good,0
8.33,0.017,1.56,22742,0.047,77,27.0,Good,1
9.19,0.033,4.33,14780,0.045,67,21.4,Good,1
10.35,0.013,0.33,27844,0.02,66,14.6,Fair,1
12.2,0.041,3.22,25036,0.001,64,27.8,Fair,0
9.53,0.012,0.91,12528,0.018,48,14.5,Good,1
10.16,0.052,2.29,21922,0.05,33,28.4,Good,1
5.0,0.014,1.83,13239,0.005,74,24.4,Good,1
11.9,0.027,1.46,11898,0.036,37,20.1,Poor,1
10.49,0.017,4.95,23490,0.03,66,22.8,Good,1
7.48,0.006,1.52,20497,0.187,26,22.6,Good,1
9.87,0.122,2.91,16547,0.002,31,31.5,Good,0
8.83,0.01,0.9,19129,0.128,77,22.4,Good,1
14.06,0.012,2.81,17477,0.027,48,27.4,Good,1
12.06,0.051,0.92,20928,0.021,44,30.8,Good,0
7.67,0.02,15.63,19384,0.028,11,18.3,Good,1
13.26,0.014,0.36,15308,0.138,37,31.9,Good,0
11.08,0.006,1.38,17515,0.013,65,23.2,Poor,1
5.0,0.016,2.58,31973,0.046,88,24.6,Fair,0
12.97,0.02,13.06,29203,0.062,85,17.6,Good,0
5.0,0.06,3.21,16254,0.054,32,36.8,Good,1
8.87,0.13,2.87,10268,0.022,39,32.8,Good,1
9.39,0.006,2.74,39941,0.009,15,25.8,Fair,1
11.99,0.096,4.06,9974,0.161,74,31.4,Fair,0
7.2,0.013,7.74,7024,0.002,11,20.7,Good,1
8.07,0.033,0.02,500,0.006,62,17.6,Fair,1
12.16,0.116,2.34,29558,0.046,45,34.9,Fair,0
10.04,0.096,11.39,13822,0.001,33,21.7,Good,0
10.55,0.03,1.24,8325,0.115,83,29.5,Good,1
9.32,0.026,0.52,14339,0.066,36,28.8,Good,1
15.9,0.016,4.76,14686,0.06,64,29.3,Good,1
9.95,0.009,1.47,15977,0.014,30,22.9,Fair,1
8.02,0.06,0.56,10880,0.03,48,30.1,Fair,1
14.31,0.014,1.31,11397,0.019,49,21.2,Fair,1
7.22,0.014,3.12,24947,0.001,11,28.2,Fair,1
9.65,0.075,5.27,24426,0.026,23,27.0,Good,0
17.11,0.119,9.3,26163,0.104,73,24.8,Fair,0
5.0,0.055,0.6,21812,0.009,34,20.5,Good,1
7.3,0.032,0.42,26355,0.082,36,31.6,Good,0
12.59,0.038,2.24,8922,0.021,73,28.3,Fair,1
15.18,0.02,0.95,11245,0.05,87,23.0,Fair,1
5.0,0.074,5.74,19579,0.053,77,27.0,Good,0
9.25,0.003,6.21,17513,0.09,18,27.2,Good,1
12.5,0.022,0.86,15352,0.038,73,15.8,Fair,1
8.11,0.002,8.27,19592,0.004,25,21.1,Fair,1
15.0,0.0,1.43,500,0.038,79,30.9,Poor,0
16.87,0.119,26.33,894,0.013,66,24.9,Good,0
9.26,0.046,1.39,646,0.009,39,27.7,Good,1
10.12,0.007,4.45,3616,0.07,14,21.1,Good,1
9.83,0.03,2.91,15729,0.044,39,28.9,Poor,1
12.33,0.023,7.06,11128,0.087,21,19.7,Good,0
13.06,0.052,1.04,10065,0.032,8,18.3,Poor,0
6.46,0.024,3.94,5786,0.008,21,22.9,Good,1
11.86,0.044,1.67,14237,0.084,86,33.7,Poor,0
5.0,0.025,4.68,16563,0.108,22,22.2,Good,1
9.06,0.038,6.53,17005,0.0,20,29.0,Good,1
8.19,0.017,0.79,15014,0.052,44,11.1,Poor,1
9.46,0.029,5.33,21027,0.024,44,25.5,Good,1
7.6,0.031,3.04,11008,0.004,64,19.1,Good,1
11.41,0.03,2.01,22883,0.14,62,17.1,Good,1
13.05,0.022,2.33,11772,0.05,70,25.4,Good,1
8.68,0.017,2.53,9111,0.008,7,23.4,Good,1
12.38,0.041,7.01,25793,0.006,47,28.7,Fair,0
15.04,0.047,3.05,2795,0.048,80,19.2,Good,1
7.4,0.003,0.21,13291,0.024,33,29.9,Good,1
12.62,0.013,3.17,12132,0.022,72,18.9,Good,1
8.08,0.012,1.88,26869,0.034,34,22.2,Good,1
5.71,0.007,0.18,24513,0.084,46,28.3,Good,1
6.88,0.093,0.44,21543,0.203,78,27.0,Fair,0
10.51,0.023,0.3,26575,0.024,33,21.7,Good,0
9.61,0.007,4.75,10927,0.006,61,20.5,Poor,1
8.09,0.023,0.09,16883,0.019,16,6.6,Good,1
10.49,0.036,0.9,26960,0.017,18,21.0,Good,1
7.8,0.116,0.87,23813,0.041,26,27.5,Good,1
13.22,0.002,0.99,8172,0.061,71,34.3,Good,1
8.75,0.02,3.47,500,0.035,7,25.4,Good,1
5.0,0.013,1.42,31355,0.024,76,24.7,Good,1
11.45,0.022,3.21,21078,0.038,73,20.8,Fair,1
12.68,0.017,0.76,20135,0.0,43,28.7,Good,0
5.0,0.012,1.03,13283,0.012,28,7.0,Good,1
9.35,0.05,5.33,27338,0.007,87,22.5,Good,0
11.63,0.006,5.52,26944,0.069,56,24.2,Fair,0
13.09,0.0,0.13,3728,0.095,63,29.5,Fair,1
6.66,0.001,10.8,8905,0.034,70,23.5,Good,1
11.0,0.104,0.64,4334,0.177,85,23.8,Fair,0
11.0,0.171,0.8,9287,0.01,40,30.9,Fair,1
